sample-id	forward-absolute-filepath	reverse-absolute-filepath
SRR24313860_ZHU_2023	/home/ubuntu/ccm/fastq_files/paired_new/SRR24313860_L001_R1_001.fastq.gz	/home/ubuntu/ccm/fastq_files/paired_new/SRR24313860_L001_R2_001.fastq.gz
SRR30160165_CASTELLANO-HINOJOSA_2024	/home/ubuntu/ccm/fastq_files/paired_new/SRR30160165_L001_R1_001.fastq.gz	/home/ubuntu/ccm/fastq_files/paired_new/SRR30160165_L001_R2_001.fastq.gz
SRR30160132_CASTELLANO-HINOJOSA_2024	/home/ubuntu/ccm/fastq_files/paired_new/SRR30160132_L001_R1_001.fastq.gz	/home/ubuntu/ccm/fastq_files/paired_new/SRR30160132_L001_R2_001.fastq.gz
SRR908072_DENVER_2013	/home/ubuntu/ccm/fastq_files/paired_new/SRR908072_L001_R1_001.fastq.gz	/home/ubuntu/ccm/fastq_files/paired_new/SRR908072_L001_R2_001.fastq.gz
SRR13855345_BEIHANG_2022	/home/ubuntu/ccm/fastq_files/paired_new/SRR13855345_L001_R1_001.fastq.gz	/home/ubuntu/ccm/fastq_files/paired_new/SRR13855345_L001_R2_001.fastq.gz
SRR30160130_CASTELLANO-HINOJOSA_2024	/home/ubuntu/ccm/fastq_files/paired_new/SRR30160130_L001_R1_001.fastq.gz	/home/ubuntu/ccm/fastq_files/paired_new/SRR30160130_L001_R2_001.fastq.gz
SRR30160157_CASTELLANO-HINOJOSA_2024	/home/ubuntu/ccm/fastq_files/paired_new/SRR30160157_L001_R1_001.fastq.gz	/home/ubuntu/ccm/fastq_files/paired_new/SRR30160157_L001_R2_001.fastq.gz
SRR12492586_BAEK_2021	/home/ubuntu/ccm/fastq_files/paired_new/SRR12492586_L001_R1_001.fastq.gz	/home/ubuntu/ccm/fastq_files/paired_new/SRR12492586_L001_R2_001.fastq.gz
SRR25536411_CUOG_2023	/home/ubuntu/ccm/fastq_files/paired_new/SRR25536411_L001_R1_001.fastq.gz	/home/ubuntu/ccm/fastq_files/paired_new/SRR25536411_L001_R2_001.fastq.gz
SRR25536417_CUOG_2023	/home/ubuntu/ccm/fastq_files/paired_new/SRR25536417_L001_R1_001.fastq.gz	/home/ubuntu/ccm/fastq_files/paired_new/SRR25536417_L001_R2_001.fastq.gz
SRR8272162_ZHEJIANG_2020	/home/ubuntu/ccm/fastq_files/paired_new/SRR8272162_L001_R1_001.fastq.gz	/home/ubuntu/ccm/fastq_files/paired_new/SRR8272162_L001_R2_001.fastq.gz
SRR10131553_ZHANG_2020	/home/ubuntu/ccm/fastq_files/paired_new/SRR10131553_L001_R1_001.fastq.gz	/home/ubuntu/ccm/fastq_files/paired_new/SRR10131553_L001_R2_001.fastq.gz
SRR8272159_ZHEJIANG_2020	/home/ubuntu/ccm/fastq_files/paired_new/SRR8272159_L001_R1_001.fastq.gz	/home/ubuntu/ccm/fastq_files/paired_new/SRR8272159_L001_R2_001.fastq.gz
SRR30160146_CASTELLANO-HINOJOSA_2024	/home/ubuntu/ccm/fastq_files/paired_new/SRR30160146_L001_R1_001.fastq.gz	/home/ubuntu/ccm/fastq_files/paired_new/SRR30160146_L001_R2_001.fastq.gz
SRR15714624_CASR_2022	/home/ubuntu/ccm/fastq_files/paired_new/SRR15714624_L001_R1_001.fastq.gz	/home/ubuntu/ccm/fastq_files/paired_new/SRR15714624_L001_R2_001.fastq.gz
SRR18494400_CAO_2019	/home/ubuntu/ccm/fastq_files/paired_new/SRR18494400_L001_R1_001.fastq.gz	/home/ubuntu/ccm/fastq_files/paired_new/SRR18494400_L001_R2_001.fastq.gz
SRR24313859_ZHU_2023	/home/ubuntu/ccm/fastq_files/paired_new/SRR24313859_L001_R1_001.fastq.gz	/home/ubuntu/ccm/fastq_files/paired_new/SRR24313859_L001_R2_001.fastq.gz
SRR30160127_CASTELLANO-HINOJOSA_2024	/home/ubuntu/ccm/fastq_files/paired_new/SRR30160127_L001_R1_001.fastq.gz	/home/ubuntu/ccm/fastq_files/paired_new/SRR30160127_L001_R2_001.fastq.gz
SRR10131551_ZHANG_2020	/home/ubuntu/ccm/fastq_files/paired_new/SRR10131551_L001_R1_001.fastq.gz	/home/ubuntu/ccm/fastq_files/paired_new/SRR10131551_L001_R2_001.fastq.gz
SRR3216403_ZHAO_2017	/home/ubuntu/ccm/fastq_files/paired_new/SRR3216403_L001_R1_001.fastq.gz	/home/ubuntu/ccm/fastq_files/paired_new/SRR3216403_L001_R2_001.fastq.gz
SRR12327344_ALBARRACIN-ARIAS_2021	/home/ubuntu/ccm/fastq_files/paired_new/SRR12327344_L001_R1_001.fastq.gz	/home/ubuntu/ccm/fastq_files/paired_new/SRR12327344_L001_R2_001.fastq.gz
SRR30160129_CASTELLANO-HINOJOSA_2024	/home/ubuntu/ccm/fastq_files/paired_new/SRR30160129_L001_R1_001.fastq.gz	/home/ubuntu/ccm/fastq_files/paired_new/SRR30160129_L001_R2_001.fastq.gz
SRR3214536_ZHAO_2017	/home/ubuntu/ccm/fastq_files/paired_new/SRR3214536_L001_R1_001.fastq.gz	/home/ubuntu/ccm/fastq_files/paired_new/SRR3214536_L001_R2_001.fastq.gz
SRR24888897_SHANDONG_2023	/home/ubuntu/ccm/fastq_files/paired_new/SRR24888897_L001_R1_001.fastq.gz	/home/ubuntu/ccm/fastq_files/paired_new/SRR24888897_L001_R2_001.fastq.gz
SRR30160152_CASTELLANO-HINOJOSA_2024	/home/ubuntu/ccm/fastq_files/paired_new/SRR30160152_L001_R1_001.fastq.gz	/home/ubuntu/ccm/fastq_files/paired_new/SRR30160152_L001_R2_001.fastq.gz
SRR3216397_ZHAO_2017	/home/ubuntu/ccm/fastq_files/paired_new/SRR3216397_L001_R1_001.fastq.gz	/home/ubuntu/ccm/fastq_files/paired_new/SRR3216397_L001_R2_001.fastq.gz
SRR908076_DENVER_2013	/home/ubuntu/ccm/fastq_files/paired_new/SRR908076_L001_R1_001.fastq.gz	/home/ubuntu/ccm/fastq_files/paired_new/SRR908076_L001_R2_001.fastq.gz
SRR1523710_AHN_2014	/home/ubuntu/ccm/fastq_files/paired_new/SRR1523710_L001_R1_001.fastq.gz	/home/ubuntu/ccm/fastq_files/paired_new/SRR1523710_L001_R2_001.fastq.gz
SRR1523690_AHN_2014	/home/ubuntu/ccm/fastq_files/paired_new/SRR1523690_L001_R1_001.fastq.gz	/home/ubuntu/ccm/fastq_files/paired_new/SRR1523690_L001_R2_001.fastq.gz
SRR21755284_DONGHUA_2022	/home/ubuntu/ccm/fastq_files/paired_new/SRR21755284_L001_R1_001.fastq.gz	/home/ubuntu/ccm/fastq_files/paired_new/SRR21755284_L001_R2_001.fastq.gz
SRR8618606_LIU_2019	/home/ubuntu/ccm/fastq_files/paired_new/SRR8618606_L001_R1_001.fastq.gz	/home/ubuntu/ccm/fastq_files/paired_new/SRR8618606_L001_R2_001.fastq.gz
SRR5133620_SRINIVASAN_BUTLER_2017	/home/ubuntu/ccm/fastq_files/paired_new/SRR5133620_L001_R1_001.fastq.gz	/home/ubuntu/ccm/fastq_files/paired_new/SRR5133620_L001_R2_001.fastq.gz
SRR2140798_CHILE_2016	/home/ubuntu/ccm/fastq_files/paired_new/SRR2140798_L001_R1_001.fastq.gz	/home/ubuntu/ccm/fastq_files/paired_new/SRR2140798_L001_R2_001.fastq.gz
SRR908070_DENVER_2013	/home/ubuntu/ccm/fastq_files/paired_new/SRR908070_L001_R1_001.fastq.gz	/home/ubuntu/ccm/fastq_files/paired_new/SRR908070_L001_R2_001.fastq.gz
SRR30160140_CASTELLANO-HINOJOSA_2024	/home/ubuntu/ccm/fastq_files/paired_new/SRR30160140_L001_R1_001.fastq.gz	/home/ubuntu/ccm/fastq_files/paired_new/SRR30160140_L001_R2_001.fastq.gz
SRR5121315_ZHAO_2017	/home/ubuntu/ccm/fastq_files/paired_new/SRR5121315_L001_R1_001.fastq.gz	/home/ubuntu/ccm/fastq_files/paired_new/SRR5121315_L001_R2_001.fastq.gz
SRR1523706_AHN_2014	/home/ubuntu/ccm/fastq_files/paired_new/SRR1523706_L001_R1_001.fastq.gz	/home/ubuntu/ccm/fastq_files/paired_new/SRR1523706_L001_R2_001.fastq.gz
SRR10131539_ZHANG_2020	/home/ubuntu/ccm/fastq_files/paired_new/SRR10131539_L001_R1_001.fastq.gz	/home/ubuntu/ccm/fastq_files/paired_new/SRR10131539_L001_R2_001.fastq.gz
SRR20853645_LASCU_2022	/home/ubuntu/ccm/fastq_files/paired_new/SRR20853645_L001_R1_001.fastq.gz	/home/ubuntu/ccm/fastq_files/paired_new/SRR20853645_L001_R2_001.fastq.gz
SRR5133617_SRINIVASAN_BUTLER_2017	/home/ubuntu/ccm/fastq_files/paired_new/SRR5133617_L001_R1_001.fastq.gz	/home/ubuntu/ccm/fastq_files/paired_new/SRR5133617_L001_R2_001.fastq.gz
SRR14119288_SPIESS_2021	/home/ubuntu/ccm/fastq_files/paired_new/SRR14119288_L001_R1_001.fastq.gz	/home/ubuntu/ccm/fastq_files/paired_new/SRR14119288_L001_R2_001.fastq.gz
SRR908079_DENVER_2013	/home/ubuntu/ccm/fastq_files/paired_new/SRR908079_L001_R1_001.fastq.gz	/home/ubuntu/ccm/fastq_files/paired_new/SRR908079_L001_R2_001.fastq.gz
SRR14119287_SPIESS_2021	/home/ubuntu/ccm/fastq_files/paired_new/SRR14119287_L001_R1_001.fastq.gz	/home/ubuntu/ccm/fastq_files/paired_new/SRR14119287_L001_R2_001.fastq.gz
SRR30160139_CASTELLANO-HINOJOSA_2024	/home/ubuntu/ccm/fastq_files/paired_new/SRR30160139_L001_R1_001.fastq.gz	/home/ubuntu/ccm/fastq_files/paired_new/SRR30160139_L001_R2_001.fastq.gz
SRR3214613_ZHAO_2017	/home/ubuntu/ccm/fastq_files/paired_new/SRR3214613_L001_R1_001.fastq.gz	/home/ubuntu/ccm/fastq_files/paired_new/SRR3214613_L001_R2_001.fastq.gz
SRR3214649_ZHAO_2017	/home/ubuntu/ccm/fastq_files/paired_new/SRR3214649_L001_R1_001.fastq.gz	/home/ubuntu/ccm/fastq_files/paired_new/SRR3214649_L001_R2_001.fastq.gz
SRR13855344_BEIHANG_2022	/home/ubuntu/ccm/fastq_files/paired_new/SRR13855344_L001_R1_001.fastq.gz	/home/ubuntu/ccm/fastq_files/paired_new/SRR13855344_L001_R2_001.fastq.gz
DRR445947_FIHES_2023	/home/ubuntu/ccm/fastq_files/paired_new/DRR445947_L001_R1_001.fastq.gz	/home/ubuntu/ccm/fastq_files/paired_new/DRR445947_L001_R2_001.fastq.gz
SRR8272164_ZHEJIANG_2020	/home/ubuntu/ccm/fastq_files/paired_new/SRR8272164_L001_R1_001.fastq.gz	/home/ubuntu/ccm/fastq_files/paired_new/SRR8272164_L001_R2_001.fastq.gz
SRR908077_DENVER_2013	/home/ubuntu/ccm/fastq_files/paired_new/SRR908077_L001_R1_001.fastq.gz	/home/ubuntu/ccm/fastq_files/paired_new/SRR908077_L001_R2_001.fastq.gz
SRR14119289_SPIESS_2021	/home/ubuntu/ccm/fastq_files/paired_new/SRR14119289_L001_R1_001.fastq.gz	/home/ubuntu/ccm/fastq_files/paired_new/SRR14119289_L001_R2_001.fastq.gz
SRR10267802_ZHANG_2020	/home/ubuntu/ccm/fastq_files/paired_new/SRR10267802_L001_R1_001.fastq.gz	/home/ubuntu/ccm/fastq_files/paired_new/SRR10267802_L001_R2_001.fastq.gz
SRR11319465_WANG_2021	/home/ubuntu/ccm/fastq_files/paired_new/SRR11319465_L001_R1_001.fastq.gz	/home/ubuntu/ccm/fastq_files/paired_new/SRR11319465_L001_R2_001.fastq.gz
SRR5487641_PARK_2017	/home/ubuntu/ccm/fastq_files/paired_new/SRR5487641_L001_R1_001.fastq.gz	/home/ubuntu/ccm/fastq_files/paired_new/SRR5487641_L001_R2_001.fastq.gz
SRR13855342_BEIHANG_2022	/home/ubuntu/ccm/fastq_files/paired_new/SRR13855342_L001_R1_001.fastq.gz	/home/ubuntu/ccm/fastq_files/paired_new/SRR13855342_L001_R2_001.fastq.gz
SRR8272157_ZHEJIANG_2020	/home/ubuntu/ccm/fastq_files/paired_new/SRR8272157_L001_R1_001.fastq.gz	/home/ubuntu/ccm/fastq_files/paired_new/SRR8272157_L001_R2_001.fastq.gz
SRR13855343_BEIHANG_2022	/home/ubuntu/ccm/fastq_files/paired_new/SRR13855343_L001_R1_001.fastq.gz	/home/ubuntu/ccm/fastq_files/paired_new/SRR13855343_L001_R2_001.fastq.gz
SRR30160120_CASTELLANO-HINOJOSA_2024	/home/ubuntu/ccm/fastq_files/paired_new/SRR30160120_L001_R1_001.fastq.gz	/home/ubuntu/ccm/fastq_files/paired_new/SRR30160120_L001_R2_001.fastq.gz
DRR445948_FIHES_2023	/home/ubuntu/ccm/fastq_files/paired_new/DRR445948_L001_R1_001.fastq.gz	/home/ubuntu/ccm/fastq_files/paired_new/DRR445948_L001_R2_001.fastq.gz
SRR20853643_LASCU_2022	/home/ubuntu/ccm/fastq_files/paired_new/SRR20853643_L001_R1_001.fastq.gz	/home/ubuntu/ccm/fastq_files/paired_new/SRR20853643_L001_R2_001.fastq.gz
SRR30160167_CASTELLANO-HINOJOSA_2024	/home/ubuntu/ccm/fastq_files/paired_new/SRR30160167_L001_R1_001.fastq.gz	/home/ubuntu/ccm/fastq_files/paired_new/SRR30160167_L001_R2_001.fastq.gz
SRR1523702_AHN_2014	/home/ubuntu/ccm/fastq_files/paired_new/SRR1523702_L001_R1_001.fastq.gz	/home/ubuntu/ccm/fastq_files/paired_new/SRR1523702_L001_R2_001.fastq.gz
SRR25536421_CUOG_2023	/home/ubuntu/ccm/fastq_files/paired_new/SRR25536421_L001_R1_001.fastq.gz	/home/ubuntu/ccm/fastq_files/paired_new/SRR25536421_L001_R2_001.fastq.gz
SRR30160150_CASTELLANO-HINOJOSA_2024	/home/ubuntu/ccm/fastq_files/paired_new/SRR30160150_L001_R1_001.fastq.gz	/home/ubuntu/ccm/fastq_files/paired_new/SRR30160150_L001_R2_001.fastq.gz
SRR11319474_WANG_2021	/home/ubuntu/ccm/fastq_files/paired_new/SRR11319474_L001_R1_001.fastq.gz	/home/ubuntu/ccm/fastq_files/paired_new/SRR11319474_L001_R2_001.fastq.gz
SRR6072276_ALAGAPPA_2017	/home/ubuntu/ccm/fastq_files/paired_new/SRR6072276_L001_R1_001.fastq.gz	/home/ubuntu/ccm/fastq_files/paired_new/SRR6072276_L001_R2_001.fastq.gz
SRR5430109_DIA_2017	/home/ubuntu/ccm/fastq_files/paired_new/SRR5430109_L001_R1_001.fastq.gz	/home/ubuntu/ccm/fastq_files/paired_new/SRR5430109_L001_R2_001.fastq.gz
SRR30160151_CASTELLANO-HINOJOSA_2024	/home/ubuntu/ccm/fastq_files/paired_new/SRR30160151_L001_R1_001.fastq.gz	/home/ubuntu/ccm/fastq_files/paired_new/SRR30160151_L001_R2_001.fastq.gz
SRR30160125_CASTELLANO-HINOJOSA_2024	/home/ubuntu/ccm/fastq_files/paired_new/SRR30160125_L001_R1_001.fastq.gz	/home/ubuntu/ccm/fastq_files/paired_new/SRR30160125_L001_R2_001.fastq.gz
SRR25536410_CUOG_2023	/home/ubuntu/ccm/fastq_files/paired_new/SRR25536410_L001_R1_001.fastq.gz	/home/ubuntu/ccm/fastq_files/paired_new/SRR25536410_L001_R2_001.fastq.gz
SRR5487632_PARK_2017	/home/ubuntu/ccm/fastq_files/paired_new/SRR5487632_L001_R1_001.fastq.gz	/home/ubuntu/ccm/fastq_files/paired_new/SRR5487632_L001_R2_001.fastq.gz
SRR30160162_CASTELLANO-HINOJOSA_2024	/home/ubuntu/ccm/fastq_files/paired_new/SRR30160162_L001_R1_001.fastq.gz	/home/ubuntu/ccm/fastq_files/paired_new/SRR30160162_L001_R2_001.fastq.gz
SRR30160141_CASTELLANO-HINOJOSA_2024	/home/ubuntu/ccm/fastq_files/paired_new/SRR30160141_L001_R1_001.fastq.gz	/home/ubuntu/ccm/fastq_files/paired_new/SRR30160141_L001_R2_001.fastq.gz
SRR12492583_BAEK_2021	/home/ubuntu/ccm/fastq_files/paired_new/SRR12492583_L001_R1_001.fastq.gz	/home/ubuntu/ccm/fastq_files/paired_new/SRR12492583_L001_R2_001.fastq.gz
SRR5487638_PARK_2017	/home/ubuntu/ccm/fastq_files/paired_new/SRR5487638_L001_R1_001.fastq.gz	/home/ubuntu/ccm/fastq_files/paired_new/SRR5487638_L001_R2_001.fastq.gz
SRR908071_DENVER_2013	/home/ubuntu/ccm/fastq_files/paired_new/SRR908071_L001_R1_001.fastq.gz	/home/ubuntu/ccm/fastq_files/paired_new/SRR908071_L001_R2_001.fastq.gz
SRR3215144_ZHAO_2017	/home/ubuntu/ccm/fastq_files/paired_new/SRR3215144_L001_R1_001.fastq.gz	/home/ubuntu/ccm/fastq_files/paired_new/SRR3215144_L001_R2_001.fastq.gz
SRR3216404_ZHAO_2017	/home/ubuntu/ccm/fastq_files/paired_new/SRR3216404_L001_R1_001.fastq.gz	/home/ubuntu/ccm/fastq_files/paired_new/SRR3216404_L001_R2_001.fastq.gz
SRR24578917_ZAKARIA_2023	/home/ubuntu/ccm/fastq_files/paired_new/SRR24578917_L001_R1_001.fastq.gz	/home/ubuntu/ccm/fastq_files/paired_new/SRR24578917_L001_R2_001.fastq.gz
SRR3215242_ZHAO_2017	/home/ubuntu/ccm/fastq_files/paired_new/SRR3215242_L001_R1_001.fastq.gz	/home/ubuntu/ccm/fastq_files/paired_new/SRR3215242_L001_R2_001.fastq.gz
SRR30160135_CASTELLANO-HINOJOSA_2024	/home/ubuntu/ccm/fastq_files/paired_new/SRR30160135_L001_R1_001.fastq.gz	/home/ubuntu/ccm/fastq_files/paired_new/SRR30160135_L001_R2_001.fastq.gz
SRR908074_DENVER_2013	/home/ubuntu/ccm/fastq_files/paired_new/SRR908074_L001_R1_001.fastq.gz	/home/ubuntu/ccm/fastq_files/paired_new/SRR908074_L001_R2_001.fastq.gz
SRR25536405_CUOG_2023	/home/ubuntu/ccm/fastq_files/paired_new/SRR25536405_L001_R1_001.fastq.gz	/home/ubuntu/ccm/fastq_files/paired_new/SRR25536405_L001_R2_001.fastq.gz
SRR6072278_ALAGAPPA_2017	/home/ubuntu/ccm/fastq_files/paired_new/SRR6072278_L001_R1_001.fastq.gz	/home/ubuntu/ccm/fastq_files/paired_new/SRR6072278_L001_R2_001.fastq.gz
SRR2140793_CHILE_2016	/home/ubuntu/ccm/fastq_files/paired_new/SRR2140793_L001_R1_001.fastq.gz	/home/ubuntu/ccm/fastq_files/paired_new/SRR2140793_L001_R2_001.fastq.gz
SRR3214554_ZHAO_2017	/home/ubuntu/ccm/fastq_files/paired_new/SRR3214554_L001_R1_001.fastq.gz	/home/ubuntu/ccm/fastq_files/paired_new/SRR3214554_L001_R2_001.fastq.gz
SRR26284398_SCUT_2023	/home/ubuntu/ccm/fastq_files/paired_new/SRR26284398_L001_R1_001.fastq.gz	/home/ubuntu/ccm/fastq_files/paired_new/SRR26284398_L001_R2_001.fastq.gz
SRR5340195_PENN_2017	/home/ubuntu/ccm/fastq_files/paired_new/SRR5340195_L001_R1_001.fastq.gz	/home/ubuntu/ccm/fastq_files/paired_new/SRR5340195_L001_R2_001.fastq.gz
SRR30160145_CASTELLANO-HINOJOSA_2024	/home/ubuntu/ccm/fastq_files/paired_new/SRR30160145_L001_R1_001.fastq.gz	/home/ubuntu/ccm/fastq_files/paired_new/SRR30160145_L001_R2_001.fastq.gz
SRR25536412_CUOG_2023	/home/ubuntu/ccm/fastq_files/paired_new/SRR25536412_L001_R1_001.fastq.gz	/home/ubuntu/ccm/fastq_files/paired_new/SRR25536412_L001_R2_001.fastq.gz
SRR2140794_CHILE_2016	/home/ubuntu/ccm/fastq_files/paired_new/SRR2140794_L001_R1_001.fastq.gz	/home/ubuntu/ccm/fastq_files/paired_new/SRR2140794_L001_R2_001.fastq.gz
SRR3215152_ZHAO_2017	/home/ubuntu/ccm/fastq_files/paired_new/SRR3215152_L001_R1_001.fastq.gz	/home/ubuntu/ccm/fastq_files/paired_new/SRR3215152_L001_R2_001.fastq.gz
SRR1523703_AHN_2014	/home/ubuntu/ccm/fastq_files/paired_new/SRR1523703_L001_R1_001.fastq.gz	/home/ubuntu/ccm/fastq_files/paired_new/SRR1523703_L001_R2_001.fastq.gz
SRR3215291_ZHAO_2017	/home/ubuntu/ccm/fastq_files/paired_new/SRR3215291_L001_R1_001.fastq.gz	/home/ubuntu/ccm/fastq_files/paired_new/SRR3215291_L001_R2_001.fastq.gz
SRR5133625_SRINIVASAN_BUTLER_2017	/home/ubuntu/ccm/fastq_files/paired_new/SRR5133625_L001_R1_001.fastq.gz	/home/ubuntu/ccm/fastq_files/paired_new/SRR5133625_L001_R2_001.fastq.gz
SRR5133621_SRINIVASAN_BUTLER_2017	/home/ubuntu/ccm/fastq_files/paired_new/SRR5133621_L001_R1_001.fastq.gz	/home/ubuntu/ccm/fastq_files/paired_new/SRR5133621_L001_R2_001.fastq.gz
SRR30160138_CASTELLANO-HINOJOSA_2024	/home/ubuntu/ccm/fastq_files/paired_new/SRR30160138_L001_R1_001.fastq.gz	/home/ubuntu/ccm/fastq_files/paired_new/SRR30160138_L001_R2_001.fastq.gz
SRR8272156_ZHEJIANG_2020	/home/ubuntu/ccm/fastq_files/paired_new/SRR8272156_L001_R1_001.fastq.gz	/home/ubuntu/ccm/fastq_files/paired_new/SRR8272156_L001_R2_001.fastq.gz
SRR24888904_SHANDONG_2023	/home/ubuntu/ccm/fastq_files/paired_new/SRR24888904_L001_R1_001.fastq.gz	/home/ubuntu/ccm/fastq_files/paired_new/SRR24888904_L001_R2_001.fastq.gz
SRR25536415_CUOG_2023	/home/ubuntu/ccm/fastq_files/paired_new/SRR25536415_L001_R1_001.fastq.gz	/home/ubuntu/ccm/fastq_files/paired_new/SRR25536415_L001_R2_001.fastq.gz
SRR3215174_ZHAO_2017	/home/ubuntu/ccm/fastq_files/paired_new/SRR3215174_L001_R1_001.fastq.gz	/home/ubuntu/ccm/fastq_files/paired_new/SRR3215174_L001_R2_001.fastq.gz
SRR5133626_SRINIVASAN_BUTLER_2017	/home/ubuntu/ccm/fastq_files/paired_new/SRR5133626_L001_R1_001.fastq.gz	/home/ubuntu/ccm/fastq_files/paired_new/SRR5133626_L001_R2_001.fastq.gz
SRR21755285_DONGHUA_2022	/home/ubuntu/ccm/fastq_files/paired_new/SRR21755285_L001_R1_001.fastq.gz	/home/ubuntu/ccm/fastq_files/paired_new/SRR21755285_L001_R2_001.fastq.gz
SRR3215202_ZHAO_2017	/home/ubuntu/ccm/fastq_files/paired_new/SRR3215202_L001_R1_001.fastq.gz	/home/ubuntu/ccm/fastq_files/paired_new/SRR3215202_L001_R2_001.fastq.gz
SRR25536409_CUOG_2023	/home/ubuntu/ccm/fastq_files/paired_new/SRR25536409_L001_R1_001.fastq.gz	/home/ubuntu/ccm/fastq_files/paired_new/SRR25536409_L001_R2_001.fastq.gz
SRR10131529_ZHANG_2020	/home/ubuntu/ccm/fastq_files/paired_new/SRR10131529_L001_R1_001.fastq.gz	/home/ubuntu/ccm/fastq_files/paired_new/SRR10131529_L001_R2_001.fastq.gz
SRR908069_DENVER_2013	/home/ubuntu/ccm/fastq_files/paired_new/SRR908069_L001_R1_001.fastq.gz	/home/ubuntu/ccm/fastq_files/paired_new/SRR908069_L001_R2_001.fastq.gz
SRR25536404_CUOG_2023	/home/ubuntu/ccm/fastq_files/paired_new/SRR25536404_L001_R1_001.fastq.gz	/home/ubuntu/ccm/fastq_files/paired_new/SRR25536404_L001_R2_001.fastq.gz
SRR8272161_ZHEJIANG_2020	/home/ubuntu/ccm/fastq_files/paired_new/SRR8272161_L001_R1_001.fastq.gz	/home/ubuntu/ccm/fastq_files/paired_new/SRR8272161_L001_R2_001.fastq.gz
SRR5340197_PENN_2017	/home/ubuntu/ccm/fastq_files/paired_new/SRR5340197_L001_R1_001.fastq.gz	/home/ubuntu/ccm/fastq_files/paired_new/SRR5340197_L001_R2_001.fastq.gz
SRR14119286_SPIESS_2021	/home/ubuntu/ccm/fastq_files/paired_new/SRR14119286_L001_R1_001.fastq.gz	/home/ubuntu/ccm/fastq_files/paired_new/SRR14119286_L001_R2_001.fastq.gz
SRR1523695_AHN_2014	/home/ubuntu/ccm/fastq_files/paired_new/SRR1523695_L001_R1_001.fastq.gz	/home/ubuntu/ccm/fastq_files/paired_new/SRR1523695_L001_R2_001.fastq.gz
SRR1523691_AHN_2014	/home/ubuntu/ccm/fastq_files/paired_new/SRR1523691_L001_R1_001.fastq.gz	/home/ubuntu/ccm/fastq_files/paired_new/SRR1523691_L001_R2_001.fastq.gz
SRR5133614_SRINIVASAN_BUTLER_2017	/home/ubuntu/ccm/fastq_files/paired_new/SRR5133614_L001_R1_001.fastq.gz	/home/ubuntu/ccm/fastq_files/paired_new/SRR5133614_L001_R2_001.fastq.gz
SRR10131544_ZHANG_2020	/home/ubuntu/ccm/fastq_files/paired_new/SRR10131544_L001_R1_001.fastq.gz	/home/ubuntu/ccm/fastq_files/paired_new/SRR10131544_L001_R2_001.fastq.gz
SRR24888903_SHANDONG_2023	/home/ubuntu/ccm/fastq_files/paired_new/SRR24888903_L001_R1_001.fastq.gz	/home/ubuntu/ccm/fastq_files/paired_new/SRR24888903_L001_R2_001.fastq.gz
SRR25536418_CUOG_2023	/home/ubuntu/ccm/fastq_files/paired_new/SRR25536418_L001_R1_001.fastq.gz	/home/ubuntu/ccm/fastq_files/paired_new/SRR25536418_L001_R2_001.fastq.gz
SRR3214699_ZHAO_2017	/home/ubuntu/ccm/fastq_files/paired_new/SRR3214699_L001_R1_001.fastq.gz	/home/ubuntu/ccm/fastq_files/paired_new/SRR3214699_L001_R2_001.fastq.gz
SRR3216395_ZHAO_2017	/home/ubuntu/ccm/fastq_files/paired_new/SRR3216395_L001_R1_001.fastq.gz	/home/ubuntu/ccm/fastq_files/paired_new/SRR3216395_L001_R2_001.fastq.gz
SRR30160128_CASTELLANO-HINOJOSA_2024	/home/ubuntu/ccm/fastq_files/paired_new/SRR30160128_L001_R1_001.fastq.gz	/home/ubuntu/ccm/fastq_files/paired_new/SRR30160128_L001_R2_001.fastq.gz
SRR8272165_ZHEJIANG_2020	/home/ubuntu/ccm/fastq_files/paired_new/SRR8272165_L001_R1_001.fastq.gz	/home/ubuntu/ccm/fastq_files/paired_new/SRR8272165_L001_R2_001.fastq.gz
SRR30160158_CASTELLANO-HINOJOSA_2024	/home/ubuntu/ccm/fastq_files/paired_new/SRR30160158_L001_R1_001.fastq.gz	/home/ubuntu/ccm/fastq_files/paired_new/SRR30160158_L001_R2_001.fastq.gz
SRR1523699_AHN_2014	/home/ubuntu/ccm/fastq_files/paired_new/SRR1523699_L001_R1_001.fastq.gz	/home/ubuntu/ccm/fastq_files/paired_new/SRR1523699_L001_R2_001.fastq.gz
SRR30160159_CASTELLANO-HINOJOSA_2024	/home/ubuntu/ccm/fastq_files/paired_new/SRR30160159_L001_R1_001.fastq.gz	/home/ubuntu/ccm/fastq_files/paired_new/SRR30160159_L001_R2_001.fastq.gz
SRR30160123_CASTELLANO-HINOJOSA_2024	/home/ubuntu/ccm/fastq_files/paired_new/SRR30160123_L001_R1_001.fastq.gz	/home/ubuntu/ccm/fastq_files/paired_new/SRR30160123_L001_R2_001.fastq.gz
SRR5121313_ZHAO_2017	/home/ubuntu/ccm/fastq_files/paired_new/SRR5121313_L001_R1_001.fastq.gz	/home/ubuntu/ccm/fastq_files/paired_new/SRR5121313_L001_R2_001.fastq.gz
SRR12492572_BAEK_2021	/home/ubuntu/ccm/fastq_files/paired_new/SRR12492572_L001_R1_001.fastq.gz	/home/ubuntu/ccm/fastq_files/paired_new/SRR12492572_L001_R2_001.fastq.gz
SRR24888898_SHANDONG_2023	/home/ubuntu/ccm/fastq_files/paired_new/SRR24888898_L001_R1_001.fastq.gz	/home/ubuntu/ccm/fastq_files/paired_new/SRR24888898_L001_R2_001.fastq.gz
SRR1523681_AHN_2014	/home/ubuntu/ccm/fastq_files/paired_new/SRR1523681_L001_R1_001.fastq.gz	/home/ubuntu/ccm/fastq_files/paired_new/SRR1523681_L001_R2_001.fastq.gz
SRR14770181_QI_2024	/home/ubuntu/ccm/fastq_files/paired_new/SRR14770181_L001_R1_001.fastq.gz	/home/ubuntu/ccm/fastq_files/paired_new/SRR14770181_L001_R2_001.fastq.gz
SRR10131528_ZHANG_2020	/home/ubuntu/ccm/fastq_files/paired_new/SRR10131528_L001_R1_001.fastq.gz	/home/ubuntu/ccm/fastq_files/paired_new/SRR10131528_L001_R2_001.fastq.gz
SRR15879218_GUALTIERI_2023	/home/ubuntu/ccm/fastq_files/paired_new/SRR15879218_L001_R1_001.fastq.gz	/home/ubuntu/ccm/fastq_files/paired_new/SRR15879218_L001_R2_001.fastq.gz
SRR18494398_CAO_2019	/home/ubuntu/ccm/fastq_files/paired_new/SRR18494398_L001_R1_001.fastq.gz	/home/ubuntu/ccm/fastq_files/paired_new/SRR18494398_L001_R2_001.fastq.gz
SRR2140797_CHILE_2016	/home/ubuntu/ccm/fastq_files/paired_new/SRR2140797_L001_R1_001.fastq.gz	/home/ubuntu/ccm/fastq_files/paired_new/SRR2140797_L001_R2_001.fastq.gz
SRR8272160_ZHEJIANG_2020	/home/ubuntu/ccm/fastq_files/paired_new/SRR8272160_L001_R1_001.fastq.gz	/home/ubuntu/ccm/fastq_files/paired_new/SRR8272160_L001_R2_001.fastq.gz
SRR24888902_SHANDONG_2023	/home/ubuntu/ccm/fastq_files/paired_new/SRR24888902_L001_R1_001.fastq.gz	/home/ubuntu/ccm/fastq_files/paired_new/SRR24888902_L001_R2_001.fastq.gz
SRR26068520_LASCU_2022	/home/ubuntu/ccm/fastq_files/paired_new/SRR26068520_L001_R1_001.fastq.gz	/home/ubuntu/ccm/fastq_files/paired_new/SRR26068520_L001_R2_001.fastq.gz
SRR30160142_CASTELLANO-HINOJOSA_2024	/home/ubuntu/ccm/fastq_files/paired_new/SRR30160142_L001_R1_001.fastq.gz	/home/ubuntu/ccm/fastq_files/paired_new/SRR30160142_L001_R2_001.fastq.gz
SRR5340196_PENN_2017	/home/ubuntu/ccm/fastq_files/paired_new/SRR5340196_L001_R1_001.fastq.gz	/home/ubuntu/ccm/fastq_files/paired_new/SRR5340196_L001_R2_001.fastq.gz
SRR5487635_PARK_2017	/home/ubuntu/ccm/fastq_files/paired_new/SRR5487635_L001_R1_001.fastq.gz	/home/ubuntu/ccm/fastq_files/paired_new/SRR5487635_L001_R2_001.fastq.gz
SRR1523709_AHN_2014	/home/ubuntu/ccm/fastq_files/paired_new/SRR1523709_L001_R1_001.fastq.gz	/home/ubuntu/ccm/fastq_files/paired_new/SRR1523709_L001_R2_001.fastq.gz
SRR1737729_LU_2015	/home/ubuntu/ccm/fastq_files/paired_new/SRR1737729_L001_R1_001.fastq.gz	/home/ubuntu/ccm/fastq_files/paired_new/SRR1737729_L001_R2_001.fastq.gz
SRR1523689_AHN_2014	/home/ubuntu/ccm/fastq_files/paired_new/SRR1523689_L001_R1_001.fastq.gz	/home/ubuntu/ccm/fastq_files/paired_new/SRR1523689_L001_R2_001.fastq.gz
SRR8618605_LIU_2019	/home/ubuntu/ccm/fastq_files/paired_new/SRR8618605_L001_R1_001.fastq.gz	/home/ubuntu/ccm/fastq_files/paired_new/SRR8618605_L001_R2_001.fastq.gz
SRR25536401_CUOG_2023	/home/ubuntu/ccm/fastq_files/paired_new/SRR25536401_L001_R1_001.fastq.gz	/home/ubuntu/ccm/fastq_files/paired_new/SRR25536401_L001_R2_001.fastq.gz
SRR5487629_PARK_2017	/home/ubuntu/ccm/fastq_files/paired_new/SRR5487629_L001_R1_001.fastq.gz	/home/ubuntu/ccm/fastq_files/paired_new/SRR5487629_L001_R2_001.fastq.gz
SRR27374969_DONGHUA_2023	/home/ubuntu/ccm/fastq_files/paired_new/SRR27374969_L001_R1_001.fastq.gz	/home/ubuntu/ccm/fastq_files/paired_new/SRR27374969_L001_R2_001.fastq.gz
SRR30160156_CASTELLANO-HINOJOSA_2024	/home/ubuntu/ccm/fastq_files/paired_new/SRR30160156_L001_R1_001.fastq.gz	/home/ubuntu/ccm/fastq_files/paired_new/SRR30160156_L001_R2_001.fastq.gz
SRR12328004_ALBARRACIN-ARIAS_2021	/home/ubuntu/ccm/fastq_files/paired_new/SRR12328004_L001_R1_001.fastq.gz	/home/ubuntu/ccm/fastq_files/paired_new/SRR12328004_L001_R2_001.fastq.gz
SRR27374970_DONGHUA_2023	/home/ubuntu/ccm/fastq_files/paired_new/SRR27374970_L001_R1_001.fastq.gz	/home/ubuntu/ccm/fastq_files/paired_new/SRR27374970_L001_R2_001.fastq.gz
SRR20853640_LASCU_2022	/home/ubuntu/ccm/fastq_files/paired_new/SRR20853640_L001_R1_001.fastq.gz	/home/ubuntu/ccm/fastq_files/paired_new/SRR20853640_L001_R2_001.fastq.gz
SRR12492591_BAEK_2021	/home/ubuntu/ccm/fastq_files/paired_new/SRR12492591_L001_R1_001.fastq.gz	/home/ubuntu/ccm/fastq_files/paired_new/SRR12492591_L001_R2_001.fastq.gz
SRR30160133_CASTELLANO-HINOJOSA_2024	/home/ubuntu/ccm/fastq_files/paired_new/SRR30160133_L001_R1_001.fastq.gz	/home/ubuntu/ccm/fastq_files/paired_new/SRR30160133_L001_R2_001.fastq.gz
SRR10267800_ZHANG_2020	/home/ubuntu/ccm/fastq_files/paired_new/SRR10267800_L001_R1_001.fastq.gz	/home/ubuntu/ccm/fastq_files/paired_new/SRR10267800_L001_R2_001.fastq.gz
SRR24018451_SPIESS_2023	/home/ubuntu/ccm/fastq_files/paired_new/SRR24018451_L001_R1_001.fastq.gz	/home/ubuntu/ccm/fastq_files/paired_new/SRR24018451_L001_R2_001.fastq.gz
SRR30160126_CASTELLANO-HINOJOSA_2024	/home/ubuntu/ccm/fastq_files/paired_new/SRR30160126_L001_R1_001.fastq.gz	/home/ubuntu/ccm/fastq_files/paired_new/SRR30160126_L001_R2_001.fastq.gz
SRR1523687_AHN_2014	/home/ubuntu/ccm/fastq_files/paired_new/SRR1523687_L001_R1_001.fastq.gz	/home/ubuntu/ccm/fastq_files/paired_new/SRR1523687_L001_R2_001.fastq.gz
SRR5133618_SRINIVASAN_BUTLER_2017	/home/ubuntu/ccm/fastq_files/paired_new/SRR5133618_L001_R1_001.fastq.gz	/home/ubuntu/ccm/fastq_files/paired_new/SRR5133618_L001_R2_001.fastq.gz
SRR1737728_LU_2015	/home/ubuntu/ccm/fastq_files/paired_new/SRR1737728_L001_R1_001.fastq.gz	/home/ubuntu/ccm/fastq_files/paired_new/SRR1737728_L001_R2_001.fastq.gz
SRR15714623_CASR_2022	/home/ubuntu/ccm/fastq_files/paired_new/SRR15714623_L001_R1_001.fastq.gz	/home/ubuntu/ccm/fastq_files/paired_new/SRR15714623_L001_R2_001.fastq.gz
SRR30160144_CASTELLANO-HINOJOSA_2024	/home/ubuntu/ccm/fastq_files/paired_new/SRR30160144_L001_R1_001.fastq.gz	/home/ubuntu/ccm/fastq_files/paired_new/SRR30160144_L001_R2_001.fastq.gz
SRR18494402_CAO_2019	/home/ubuntu/ccm/fastq_files/paired_new/SRR18494402_L001_R1_001.fastq.gz	/home/ubuntu/ccm/fastq_files/paired_new/SRR18494402_L001_R2_001.fastq.gz
SRR30160136_CASTELLANO-HINOJOSA_2024	/home/ubuntu/ccm/fastq_files/paired_new/SRR30160136_L001_R1_001.fastq.gz	/home/ubuntu/ccm/fastq_files/paired_new/SRR30160136_L001_R2_001.fastq.gz
SRR15879217_GUALTIERI_2023	/home/ubuntu/ccm/fastq_files/paired_new/SRR15879217_L001_R1_001.fastq.gz	/home/ubuntu/ccm/fastq_files/paired_new/SRR15879217_L001_R2_001.fastq.gz
SRR3214547_ZHAO_2017	/home/ubuntu/ccm/fastq_files/paired_new/SRR3214547_L001_R1_001.fastq.gz	/home/ubuntu/ccm/fastq_files/paired_new/SRR3214547_L001_R2_001.fastq.gz
SRR1523704_AHN_2014	/home/ubuntu/ccm/fastq_files/paired_new/SRR1523704_L001_R1_001.fastq.gz	/home/ubuntu/ccm/fastq_files/paired_new/SRR1523704_L001_R2_001.fastq.gz
SRR8272158_ZHEJIANG_2020	/home/ubuntu/ccm/fastq_files/paired_new/SRR8272158_L001_R1_001.fastq.gz	/home/ubuntu/ccm/fastq_files/paired_new/SRR8272158_L001_R2_001.fastq.gz
SRR1523700_AHN_2014	/home/ubuntu/ccm/fastq_files/paired_new/SRR1523700_L001_R1_001.fastq.gz	/home/ubuntu/ccm/fastq_files/paired_new/SRR1523700_L001_R2_001.fastq.gz
SRR30160163_CASTELLANO-HINOJOSA_2024	/home/ubuntu/ccm/fastq_files/paired_new/SRR30160163_L001_R1_001.fastq.gz	/home/ubuntu/ccm/fastq_files/paired_new/SRR30160163_L001_R2_001.fastq.gz
SRR10131547_ZHANG_2020	/home/ubuntu/ccm/fastq_files/paired_new/SRR10131547_L001_R1_001.fastq.gz	/home/ubuntu/ccm/fastq_files/paired_new/SRR10131547_L001_R2_001.fastq.gz
SRR11319473_WANG_2021	/home/ubuntu/ccm/fastq_files/paired_new/SRR11319473_L001_R1_001.fastq.gz	/home/ubuntu/ccm/fastq_files/paired_new/SRR11319473_L001_R2_001.fastq.gz
SRR17982066_LI_2022	/home/ubuntu/ccm/fastq_files/paired_new/SRR17982066_L001_R1_001.fastq.gz	/home/ubuntu/ccm/fastq_files/paired_new/SRR17982066_L001_R2_001.fastq.gz
SRR20853642_LASCU_2022	/home/ubuntu/ccm/fastq_files/paired_new/SRR20853642_L001_R1_001.fastq.gz	/home/ubuntu/ccm/fastq_files/paired_new/SRR20853642_L001_R2_001.fastq.gz
SRR3216396_ZHAO_2017	/home/ubuntu/ccm/fastq_files/paired_new/SRR3216396_L001_R1_001.fastq.gz	/home/ubuntu/ccm/fastq_files/paired_new/SRR3216396_L001_R2_001.fastq.gz
SRR10131532_ZHANG_2020	/home/ubuntu/ccm/fastq_files/paired_new/SRR10131532_L001_R1_001.fastq.gz	/home/ubuntu/ccm/fastq_files/paired_new/SRR10131532_L001_R2_001.fastq.gz
SRR5121312_ZHAO_2017	/home/ubuntu/ccm/fastq_files/paired_new/SRR5121312_L001_R1_001.fastq.gz	/home/ubuntu/ccm/fastq_files/paired_new/SRR5121312_L001_R2_001.fastq.gz
SRR10131535_ZHANG_2020	/home/ubuntu/ccm/fastq_files/paired_new/SRR10131535_L001_R1_001.fastq.gz	/home/ubuntu/ccm/fastq_files/paired_new/SRR10131535_L001_R2_001.fastq.gz
SRR25536406_CUOG_2023	/home/ubuntu/ccm/fastq_files/paired_new/SRR25536406_L001_R1_001.fastq.gz	/home/ubuntu/ccm/fastq_files/paired_new/SRR25536406_L001_R2_001.fastq.gz
SRR30160160_CASTELLANO-HINOJOSA_2024	/home/ubuntu/ccm/fastq_files/paired_new/SRR30160160_L001_R1_001.fastq.gz	/home/ubuntu/ccm/fastq_files/paired_new/SRR30160160_L001_R2_001.fastq.gz
SRR24888905_SHANDONG_2023	/home/ubuntu/ccm/fastq_files/paired_new/SRR24888905_L001_R1_001.fastq.gz	/home/ubuntu/ccm/fastq_files/paired_new/SRR24888905_L001_R2_001.fastq.gz
SRR30160147_CASTELLANO-HINOJOSA_2024	/home/ubuntu/ccm/fastq_files/paired_new/SRR30160147_L001_R1_001.fastq.gz	/home/ubuntu/ccm/fastq_files/paired_new/SRR30160147_L001_R2_001.fastq.gz
SRR5133622_SRINIVASAN_BUTLER_2017	/home/ubuntu/ccm/fastq_files/paired_new/SRR5133622_L001_R1_001.fastq.gz	/home/ubuntu/ccm/fastq_files/paired_new/SRR5133622_L001_R2_001.fastq.gz
SRR1523692_AHN_2014	/home/ubuntu/ccm/fastq_files/paired_new/SRR1523692_L001_R1_001.fastq.gz	/home/ubuntu/ccm/fastq_files/paired_new/SRR1523692_L001_R2_001.fastq.gz
SRR8272163_ZHEJIANG_2020	/home/ubuntu/ccm/fastq_files/paired_new/SRR8272163_L001_R1_001.fastq.gz	/home/ubuntu/ccm/fastq_files/paired_new/SRR8272163_L001_R2_001.fastq.gz
SRR18494399_CAO_2019	/home/ubuntu/ccm/fastq_files/paired_new/SRR18494399_L001_R1_001.fastq.gz	/home/ubuntu/ccm/fastq_files/paired_new/SRR18494399_L001_R2_001.fastq.gz
SRR3214573_ZHAO_2017	/home/ubuntu/ccm/fastq_files/paired_new/SRR3214573_L001_R1_001.fastq.gz	/home/ubuntu/ccm/fastq_files/paired_new/SRR3214573_L001_R2_001.fastq.gz
SRR5133624_SRINIVASAN_BUTLER_2017	/home/ubuntu/ccm/fastq_files/paired_new/SRR5133624_L001_R1_001.fastq.gz	/home/ubuntu/ccm/fastq_files/paired_new/SRR5133624_L001_R2_001.fastq.gz
SRR25536402_CUOG_2023	/home/ubuntu/ccm/fastq_files/paired_new/SRR25536402_L001_R1_001.fastq.gz	/home/ubuntu/ccm/fastq_files/paired_new/SRR25536402_L001_R2_001.fastq.gz
SRR5133627_SRINIVASAN_2017	/home/ubuntu/ccm/fastq_files/paired_new/SRR5133627_L001_R1_001.fastq.gz	/home/ubuntu/ccm/fastq_files/paired_new/SRR5133627_L001_R2_001.fastq.gz
SRR1523698_AHN_2014	/home/ubuntu/ccm/fastq_files/paired_new/SRR1523698_L001_R1_001.fastq.gz	/home/ubuntu/ccm/fastq_files/paired_new/SRR1523698_L001_R2_001.fastq.gz
SRR3216392_ZHAO_2017	/home/ubuntu/ccm/fastq_files/paired_new/SRR3216392_L001_R1_001.fastq.gz	/home/ubuntu/ccm/fastq_files/paired_new/SRR3216392_L001_R2_001.fastq.gz
SRR25536416_CUOG_2023	/home/ubuntu/ccm/fastq_files/paired_new/SRR25536416_L001_R1_001.fastq.gz	/home/ubuntu/ccm/fastq_files/paired_new/SRR25536416_L001_R2_001.fastq.gz
SRR30160154_CASTELLANO-HINOJOSA_2024	/home/ubuntu/ccm/fastq_files/paired_new/SRR30160154_L001_R1_001.fastq.gz	/home/ubuntu/ccm/fastq_files/paired_new/SRR30160154_L001_R2_001.fastq.gz
SRR1523707_AHN_2014	/home/ubuntu/ccm/fastq_files/paired_new/SRR1523707_L001_R1_001.fastq.gz	/home/ubuntu/ccm/fastq_files/paired_new/SRR1523707_L001_R2_001.fastq.gz
SRR26068517_LASCU_2022	/home/ubuntu/ccm/fastq_files/paired_new/SRR26068517_L001_R1_001.fastq.gz	/home/ubuntu/ccm/fastq_files/paired_new/SRR26068517_L001_R2_001.fastq.gz
SRR26068519_LASCU_2022	/home/ubuntu/ccm/fastq_files/paired_new/SRR26068519_L001_R1_001.fastq.gz	/home/ubuntu/ccm/fastq_files/paired_new/SRR26068519_L001_R2_001.fastq.gz
SRR30160122_CASTELLANO-HINOJOSA_2024	/home/ubuntu/ccm/fastq_files/paired_new/SRR30160122_L001_R1_001.fastq.gz	/home/ubuntu/ccm/fastq_files/paired_new/SRR30160122_L001_R2_001.fastq.gz
SRR17982068_LI_2022	/home/ubuntu/ccm/fastq_files/paired_new/SRR17982068_L001_R1_001.fastq.gz	/home/ubuntu/ccm/fastq_files/paired_new/SRR17982068_L001_R2_001.fastq.gz
SRR14770183_QI_2024	/home/ubuntu/ccm/fastq_files/paired_new/SRR14770183_L001_R1_001.fastq.gz	/home/ubuntu/ccm/fastq_files/paired_new/SRR14770183_L001_R2_001.fastq.gz
SRR5133615_SRINIVASAN_BUTLER_2017	/home/ubuntu/ccm/fastq_files/paired_new/SRR5133615_L001_R1_001.fastq.gz	/home/ubuntu/ccm/fastq_files/paired_new/SRR5133615_L001_R2_001.fastq.gz
SRR10131550_ZHANG_2020	/home/ubuntu/ccm/fastq_files/paired_new/SRR10131550_L001_R1_001.fastq.gz	/home/ubuntu/ccm/fastq_files/paired_new/SRR10131550_L001_R2_001.fastq.gz
SRR908073_DENVER_2013	/home/ubuntu/ccm/fastq_files/paired_new/SRR908073_L001_R1_001.fastq.gz	/home/ubuntu/ccm/fastq_files/paired_new/SRR908073_L001_R2_001.fastq.gz
SRR1523693_AHN_2014	/home/ubuntu/ccm/fastq_files/paired_new/SRR1523693_L001_R1_001.fastq.gz	/home/ubuntu/ccm/fastq_files/paired_new/SRR1523693_L001_R2_001.fastq.gz
SRR30160148_CASTELLANO-HINOJOSA_2024	/home/ubuntu/ccm/fastq_files/paired_new/SRR30160148_L001_R1_001.fastq.gz	/home/ubuntu/ccm/fastq_files/paired_new/SRR30160148_L001_R2_001.fastq.gz
SRR6914767_SCHMIDT_2018	/home/ubuntu/ccm/fastq_files/paired_new/SRR6914767_L001_R1_001.fastq.gz	/home/ubuntu/ccm/fastq_files/paired_new/SRR6914767_L001_R2_001.fastq.gz
SRR30160166_CASTELLANO-HINOJOSA_2024	/home/ubuntu/ccm/fastq_files/paired_new/SRR30160166_L001_R1_001.fastq.gz	/home/ubuntu/ccm/fastq_files/paired_new/SRR30160166_L001_R2_001.fastq.gz
SRR3216391_ZHAO_2017	/home/ubuntu/ccm/fastq_files/paired_new/SRR3216391_L001_R1_001.fastq.gz	/home/ubuntu/ccm/fastq_files/paired_new/SRR3216391_L001_R2_001.fastq.gz
SRR1737730_LU_2015	/home/ubuntu/ccm/fastq_files/paired_new/SRR1737730_L001_R1_001.fastq.gz	/home/ubuntu/ccm/fastq_files/paired_new/SRR1737730_L001_R2_001.fastq.gz
SRR30160137_CASTELLANO-HINOJOSA_2024	/home/ubuntu/ccm/fastq_files/paired_new/SRR30160137_L001_R1_001.fastq.gz	/home/ubuntu/ccm/fastq_files/paired_new/SRR30160137_L001_R2_001.fastq.gz
SRR24313861_ZHU_2023	/home/ubuntu/ccm/fastq_files/paired_new/SRR24313861_L001_R1_001.fastq.gz	/home/ubuntu/ccm/fastq_files/paired_new/SRR24313861_L001_R2_001.fastq.gz
SRR8272166_ZHEJIANG_2020	/home/ubuntu/ccm/fastq_files/paired_new/SRR8272166_L001_R1_001.fastq.gz	/home/ubuntu/ccm/fastq_files/paired_new/SRR8272166_L001_R2_001.fastq.gz
SRR30160161_CASTELLANO-HINOJOSA_2024	/home/ubuntu/ccm/fastq_files/paired_new/SRR30160161_L001_R1_001.fastq.gz	/home/ubuntu/ccm/fastq_files/paired_new/SRR30160161_L001_R2_001.fastq.gz
SRR25536420_CUOG_2023	/home/ubuntu/ccm/fastq_files/paired_new/SRR25536420_L001_R1_001.fastq.gz	/home/ubuntu/ccm/fastq_files/paired_new/SRR25536420_L001_R2_001.fastq.gz
SRR3216398_ZHAO_2017	/home/ubuntu/ccm/fastq_files/paired_new/SRR3216398_L001_R1_001.fastq.gz	/home/ubuntu/ccm/fastq_files/paired_new/SRR3216398_L001_R2_001.fastq.gz
SRR21755283_DONGHUA_2022	/home/ubuntu/ccm/fastq_files/paired_new/SRR21755283_L001_R1_001.fastq.gz	/home/ubuntu/ccm/fastq_files/paired_new/SRR21755283_L001_R2_001.fastq.gz
SRR6914763_SCHMIDT_2018	/home/ubuntu/ccm/fastq_files/paired_new/SRR6914763_L001_R1_001.fastq.gz	/home/ubuntu/ccm/fastq_files/paired_new/SRR6914763_L001_R2_001.fastq.gz
SRR5430110_DIA_2017	/home/ubuntu/ccm/fastq_files/paired_new/SRR5430110_L001_R1_001.fastq.gz	/home/ubuntu/ccm/fastq_files/paired_new/SRR5430110_L001_R2_001.fastq.gz
SRR18494401_CAO_2019	/home/ubuntu/ccm/fastq_files/paired_new/SRR18494401_L001_R1_001.fastq.gz	/home/ubuntu/ccm/fastq_files/paired_new/SRR18494401_L001_R2_001.fastq.gz
SRR30160134_CASTELLANO-HINOJOSA_2024	/home/ubuntu/ccm/fastq_files/paired_new/SRR30160134_L001_R1_001.fastq.gz	/home/ubuntu/ccm/fastq_files/paired_new/SRR30160134_L001_R2_001.fastq.gz
SRR30160143_CASTELLANO-HINOJOSA_2024	/home/ubuntu/ccm/fastq_files/paired_new/SRR30160143_L001_R1_001.fastq.gz	/home/ubuntu/ccm/fastq_files/paired_new/SRR30160143_L001_R2_001.fastq.gz
SRR24888899_SHANDONG_2023	/home/ubuntu/ccm/fastq_files/paired_new/SRR24888899_L001_R1_001.fastq.gz	/home/ubuntu/ccm/fastq_files/paired_new/SRR24888899_L001_R2_001.fastq.gz
SRR25536400_CUOG_2023	/home/ubuntu/ccm/fastq_files/paired_new/SRR25536400_L001_R1_001.fastq.gz	/home/ubuntu/ccm/fastq_files/paired_new/SRR25536400_L001_R2_001.fastq.gz
SRR8618613_LIU_2019	/home/ubuntu/ccm/fastq_files/paired_new/SRR8618613_L001_R1_001.fastq.gz	/home/ubuntu/ccm/fastq_files/paired_new/SRR8618613_L001_R2_001.fastq.gz
SRR17982067_LI_2022	/home/ubuntu/ccm/fastq_files/paired_new/SRR17982067_L001_R1_001.fastq.gz	/home/ubuntu/ccm/fastq_files/paired_new/SRR17982067_L001_R2_001.fastq.gz
SRR30160124_CASTELLANO-HINOJOSA_2024	/home/ubuntu/ccm/fastq_files/paired_new/SRR30160124_L001_R1_001.fastq.gz	/home/ubuntu/ccm/fastq_files/paired_new/SRR30160124_L001_R2_001.fastq.gz
SRR6914766_SCHMIDT_2018	/home/ubuntu/ccm/fastq_files/paired_new/SRR6914766_L001_R1_001.fastq.gz	/home/ubuntu/ccm/fastq_files/paired_new/SRR6914766_L001_R2_001.fastq.gz
SRR30160149_CASTELLANO-HINOJOSA_2024	/home/ubuntu/ccm/fastq_files/paired_new/SRR30160149_L001_R1_001.fastq.gz	/home/ubuntu/ccm/fastq_files/paired_new/SRR30160149_L001_R2_001.fastq.gz
SRR24888901_SHANDONG_2023	/home/ubuntu/ccm/fastq_files/paired_new/SRR24888901_L001_R1_001.fastq.gz	/home/ubuntu/ccm/fastq_files/paired_new/SRR24888901_L001_R2_001.fastq.gz
SRR1523682_AHN_2014	/home/ubuntu/ccm/fastq_files/paired_new/SRR1523682_L001_R1_001.fastq.gz	/home/ubuntu/ccm/fastq_files/paired_new/SRR1523682_L001_R2_001.fastq.gz
SRR10131536_ZHANG_2020	/home/ubuntu/ccm/fastq_files/paired_new/SRR10131536_L001_R1_001.fastq.gz	/home/ubuntu/ccm/fastq_files/paired_new/SRR10131536_L001_R2_001.fastq.gz
SRR20853644_LASCU_2022	/home/ubuntu/ccm/fastq_files/paired_new/SRR20853644_L001_R1_001.fastq.gz	/home/ubuntu/ccm/fastq_files/paired_new/SRR20853644_L001_R2_001.fastq.gz
SRR15714625_CASR_2022	/home/ubuntu/ccm/fastq_files/paired_new/SRR15714625_L001_R1_001.fastq.gz	/home/ubuntu/ccm/fastq_files/paired_new/SRR15714625_L001_R2_001.fastq.gz
SRR6914768_SCHMIDT_2018	/home/ubuntu/ccm/fastq_files/paired_new/SRR6914768_L001_R1_001.fastq.gz	/home/ubuntu/ccm/fastq_files/paired_new/SRR6914768_L001_R2_001.fastq.gz
SRR8618614_LIU_2019	/home/ubuntu/ccm/fastq_files/paired_new/SRR8618614_L001_R1_001.fastq.gz	/home/ubuntu/ccm/fastq_files/paired_new/SRR8618614_L001_R2_001.fastq.gz
SRR30160155_CASTELLANO-HINOJOSA_2024	/home/ubuntu/ccm/fastq_files/paired_new/SRR30160155_L001_R1_001.fastq.gz	/home/ubuntu/ccm/fastq_files/paired_new/SRR30160155_L001_R2_001.fastq.gz
SRR1523712_AHN_2014	/home/ubuntu/ccm/fastq_files/paired_new/SRR1523712_L001_R1_001.fastq.gz	/home/ubuntu/ccm/fastq_files/paired_new/SRR1523712_L001_R2_001.fastq.gz
SRR21755286_DONGHUA_2022	/home/ubuntu/ccm/fastq_files/paired_new/SRR21755286_L001_R1_001.fastq.gz	/home/ubuntu/ccm/fastq_files/paired_new/SRR21755286_L001_R2_001.fastq.gz
SRR5430108_DIA_2017	/home/ubuntu/ccm/fastq_files/paired_new/SRR5430108_L001_R1_001.fastq.gz	/home/ubuntu/ccm/fastq_files/paired_new/SRR5430108_L001_R2_001.fastq.gz
SRR1523701_AHN_2014	/home/ubuntu/ccm/fastq_files/paired_new/SRR1523701_L001_R1_001.fastq.gz	/home/ubuntu/ccm/fastq_files/paired_new/SRR1523701_L001_R2_001.fastq.gz
SRR26068518_LASCU_2022	/home/ubuntu/ccm/fastq_files/paired_new/SRR26068518_L001_R1_001.fastq.gz	/home/ubuntu/ccm/fastq_files/paired_new/SRR26068518_L001_R2_001.fastq.gz
SRR15879219_GUALTIERI_2023	/home/ubuntu/ccm/fastq_files/paired_new/SRR15879219_L001_R1_001.fastq.gz	/home/ubuntu/ccm/fastq_files/paired_new/SRR15879219_L001_R2_001.fastq.gz
SRR27374968_DONGHUA_2023	/home/ubuntu/ccm/fastq_files/paired_new/SRR27374968_L001_R1_001.fastq.gz	/home/ubuntu/ccm/fastq_files/paired_new/SRR27374968_L001_R2_001.fastq.gz
SRR30160121_CASTELLANO-HINOJOSA_2024	/home/ubuntu/ccm/fastq_files/paired_new/SRR30160121_L001_R1_001.fastq.gz	/home/ubuntu/ccm/fastq_files/paired_new/SRR30160121_L001_R2_001.fastq.gz
SRR5133619_SRINIVASAN_BUTLER_2017	/home/ubuntu/ccm/fastq_files/paired_new/SRR5133619_L001_R1_001.fastq.gz	/home/ubuntu/ccm/fastq_files/paired_new/SRR5133619_L001_R2_001.fastq.gz
SRR8272167_ZHEJIANG_2020	/home/ubuntu/ccm/fastq_files/paired_new/SRR8272167_L001_R1_001.fastq.gz	/home/ubuntu/ccm/fastq_files/paired_new/SRR8272167_L001_R2_001.fastq.gz
SRR3215163_ZHAO_2017	/home/ubuntu/ccm/fastq_files/paired_new/SRR3215163_L001_R1_001.fastq.gz	/home/ubuntu/ccm/fastq_files/paired_new/SRR3215163_L001_R2_001.fastq.gz
SRR27374972_DONGHUA_2023	/home/ubuntu/ccm/fastq_files/paired_new/SRR27374972_L001_R1_001.fastq.gz	/home/ubuntu/ccm/fastq_files/paired_new/SRR27374972_L001_R2_001.fastq.gz
SRR25536422_CUOG_2023	/home/ubuntu/ccm/fastq_files/paired_new/SRR25536422_L001_R1_001.fastq.gz	/home/ubuntu/ccm/fastq_files/paired_new/SRR25536422_L001_R2_001.fastq.gz
SRR30160131_CASTELLANO-HINOJOSA_2024	/home/ubuntu/ccm/fastq_files/paired_new/SRR30160131_L001_R1_001.fastq.gz	/home/ubuntu/ccm/fastq_files/paired_new/SRR30160131_L001_R2_001.fastq.gz
SRR27374971_DONGHUA_2023	/home/ubuntu/ccm/fastq_files/paired_new/SRR27374971_L001_R1_001.fastq.gz	/home/ubuntu/ccm/fastq_files/paired_new/SRR27374971_L001_R2_001.fastq.gz
SRR11319462_WANG_2021	/home/ubuntu/ccm/fastq_files/paired_new/SRR11319462_L001_R1_001.fastq.gz	/home/ubuntu/ccm/fastq_files/paired_new/SRR11319462_L001_R2_001.fastq.gz
SRR5133616_SRINIVASAN_BUTLER_2017	/home/ubuntu/ccm/fastq_files/paired_new/SRR5133616_L001_R1_001.fastq.gz	/home/ubuntu/ccm/fastq_files/paired_new/SRR5133616_L001_R2_001.fastq.gz
SRR15879209_GUALTIERI_2023	/home/ubuntu/ccm/fastq_files/paired_new/SRR15879209_L001_R1_001.fastq.gz	/home/ubuntu/ccm/fastq_files/paired_new/SRR15879209_L001_R2_001.fastq.gz
SRR15714626_CASR_2022	/home/ubuntu/ccm/fastq_files/paired_new/SRR15714626_L001_R1_001.fastq.gz	/home/ubuntu/ccm/fastq_files/paired_new/SRR15714626_L001_R2_001.fastq.gz
SRR24888906_SHANDONG_2023	/home/ubuntu/ccm/fastq_files/paired_new/SRR24888906_L001_R1_001.fastq.gz	/home/ubuntu/ccm/fastq_files/paired_new/SRR24888906_L001_R2_001.fastq.gz
SRR26284396_SCUT_2023	/home/ubuntu/ccm/fastq_files/paired_new/SRR26284396_L001_R1_001.fastq.gz	/home/ubuntu/ccm/fastq_files/paired_new/SRR26284396_L001_R2_001.fastq.gz
SRR1523684_AHN_2014	/home/ubuntu/ccm/fastq_files/paired_new/SRR1523684_L001_R1_001.fastq.gz	/home/ubuntu/ccm/fastq_files/paired_new/SRR1523684_L001_R2_001.fastq.gz
SRR1523688_AHN_2014	/home/ubuntu/ccm/fastq_files/paired_new/SRR1523688_L001_R1_001.fastq.gz	/home/ubuntu/ccm/fastq_files/paired_new/SRR1523688_L001_R2_001.fastq.gz
SRR25536413_CUOG_2023	/home/ubuntu/ccm/fastq_files/paired_new/SRR25536413_L001_R1_001.fastq.gz	/home/ubuntu/ccm/fastq_files/paired_new/SRR25536413_L001_R2_001.fastq.gz
SRR5121314_ZHAO_2017	/home/ubuntu/ccm/fastq_files/paired_new/SRR5121314_L001_R1_001.fastq.gz	/home/ubuntu/ccm/fastq_files/paired_new/SRR5121314_L001_R2_001.fastq.gz
SRR25536419_CUOG_2023	/home/ubuntu/ccm/fastq_files/paired_new/SRR25536419_L001_R1_001.fastq.gz	/home/ubuntu/ccm/fastq_files/paired_new/SRR25536419_L001_R2_001.fastq.gz
SRR908078_DENVER_2013	/home/ubuntu/ccm/fastq_files/paired_new/SRR908078_L001_R1_001.fastq.gz	/home/ubuntu/ccm/fastq_files/paired_new/SRR908078_L001_R2_001.fastq.gz
SRR10131545_ZHANG_2020	/home/ubuntu/ccm/fastq_files/paired_new/SRR10131545_L001_R1_001.fastq.gz	/home/ubuntu/ccm/fastq_files/paired_new/SRR10131545_L001_R2_001.fastq.gz
SRR30160153_CASTELLANO-HINOJOSA_2024	/home/ubuntu/ccm/fastq_files/paired_new/SRR30160153_L001_R1_001.fastq.gz	/home/ubuntu/ccm/fastq_files/paired_new/SRR30160153_L001_R2_001.fastq.gz
SRR5430107_DIA_2017	/home/ubuntu/ccm/fastq_files/paired_new/SRR5430107_L001_R1_001.fastq.gz	/home/ubuntu/ccm/fastq_files/paired_new/SRR5430107_L001_R2_001.fastq.gz
SRR24888900_SHANDONG_2023	/home/ubuntu/ccm/fastq_files/paired_new/SRR24888900_L001_R1_001.fastq.gz	/home/ubuntu/ccm/fastq_files/paired_new/SRR24888900_L001_R2_001.fastq.gz
SRR908075_DENVER_2013	/home/ubuntu/ccm/fastq_files/paired_new/SRR908075_L001_R1_001.fastq.gz	/home/ubuntu/ccm/fastq_files/paired_new/SRR908075_L001_R2_001.fastq.gz
SRR25536407_CUOG_2023	/home/ubuntu/ccm/fastq_files/paired_new/SRR25536407_L001_R1_001.fastq.gz	/home/ubuntu/ccm/fastq_files/paired_new/SRR25536407_L001_R2_001.fastq.gz
SRR1523705_AHN_2014	/home/ubuntu/ccm/fastq_files/paired_new/SRR1523705_L001_R1_001.fastq.gz	/home/ubuntu/ccm/fastq_files/paired_new/SRR1523705_L001_R2_001.fastq.gz
SRR10131541_ZHANG_2020	/home/ubuntu/ccm/fastq_files/paired_new/SRR10131541_L001_R1_001.fastq.gz	/home/ubuntu/ccm/fastq_files/paired_new/SRR10131541_L001_R2_001.fastq.gz
SRR30160164_CASTELLANO-HINOJOSA_2024	/home/ubuntu/ccm/fastq_files/paired_new/SRR30160164_L001_R1_001.fastq.gz	/home/ubuntu/ccm/fastq_files/paired_new/SRR30160164_L001_R2_001.fastq.gz
SRR5133623_SRINIVASAN_BUTLER_2017	/home/ubuntu/ccm/fastq_files/paired_new/SRR5133623_L001_R1_001.fastq.gz	/home/ubuntu/ccm/fastq_files/paired_new/SRR5133623_L001_R2_001.fastq.gz
SRR10131540_ZHANG_2020	/home/ubuntu/ccm/fastq_files/paired_new/SRR10131540_L001_R1_001.fastq.gz	/home/ubuntu/ccm/fastq_files/paired_new/SRR10131540_L001_R2_001.fastq.gz
SRR20853641_LASCU_2022	/home/ubuntu/ccm/fastq_files/paired_new/SRR20853641_L001_R1_001.fastq.gz	/home/ubuntu/ccm/fastq_files/paired_new/SRR20853641_L001_R2_001.fastq.gz
SRR11319470_WANG_2021	/home/ubuntu/ccm/fastq_files/paired_new/SRR11319470_L001_R1_001.fastq.gz	/home/ubuntu/ccm/fastq_files/paired_new/SRR11319470_L001_R2_001.fastq.gz
